"2022 Per Pupil Expenditures, All Funds ",,,,,,,,
District Name,District Code,In-District Expenditures,Total In-district FTEs,In-District Expenditures per Pupil,Total Expenditures,Total Pupil FTEs,Total Expenditures per Pupil,
Abby Kelley Foster Charter Public (District),04450000,"          $22,455,445.00","           1,423.0","              $15,780.91","          $22,455,445.00","           1,423.0","              $15,780.91",
Abington,00010000,"          $33,667,339.55","           2,151.3","              $15,649.77","          $38,794,704.12","           2,296.7","              $16,891.50",
Academy Of the Pacific Rim Charter Public (District),04120000,"          $11,731,129.95",             504.3,"              $23,264.05","          $11,731,129.95",             504.3,"              $23,264.05",
Acton-Boxborough,06000000,"          $94,671,026.58","           5,242.6","              $18,058.03","         $103,747,255.13","           5,371.2","              $19,315.47",
Acushnet,00030000,"          $14,347,713.00",             942.8,"              $15,218.19","          $18,458,602.00","           1,235.8","              $14,936.56",
Advanced Math and Science Academy Charter (District),04300000,"          $14,353,114.97",             965.3,"              $14,869.53","          $14,353,114.97",             965.3,"              $14,869.53",
Agawam,00050000,"          $68,476,267.22","           3,494.9","              $19,593.20","          $75,381,227.28","           3,675.4","              $20,509.67",
Alma del Mar Charter School (District),04090000,"          $15,723,331.00",             936.1,"              $16,796.82","          $15,723,331.00",             936.1,"              $16,796.82",
Amesbury,00070000,"          $37,513,814.36","           1,806.8","              $20,762.57","          $43,177,095.85","           1,996.9","              $21,622.06",
Amherst,00080000,"          $29,351,387.00","           1,051.6","              $27,911.17","          $31,801,980.50","           1,174.6","              $27,074.73",
Amherst-Pelham,06050000,"          $30,276,466.00","           1,265.1","              $23,932.07","          $34,142,146.00","           1,410.1","              $24,212.57",
Andover,00090000,"         $117,698,618.00","           5,537.0","              $21,256.75","         $125,414,087.00","           5,643.8","              $22,221.57",
Argosy Collegiate Charter School (District),35090000,"           $9,191,808.95",             545.1,"              $16,862.30","           $9,191,808.95",             545.1,"              $16,862.30",
Arlington,00100000,"         $106,679,920.77","           5,970.6","              $17,867.54","         $113,146,782.11","           6,078.1","              $18,615.49",
Ashburnham-Westminster,06100000,"          $33,183,819.52","           2,266.8","              $14,639.06","          $35,695,883.16","           2,367.8","              $15,075.55",
Ashland,00140000,"          $44,058,400.75","           2,919.3","              $15,092.11","          $47,967,196.60","           2,984.1","              $16,074.26",
Assabet Valley Regional Vocational Technical,08010000,"          $28,530,789.29","           1,151.6","              $24,774.91","          $28,576,059.05","           1,151.6","              $24,814.22",
Athol-Royalston,06150000,"          $25,683,519.00","           1,551.2","              $16,557.19","          $30,498,602.50","           1,839.1","              $16,583.44",
Atlantis Charter (District),04910000,"          $17,988,507.00","           1,286.0","              $13,988.50","          $17,988,507.00","           1,286.0","              $13,988.50",
Attleboro,00160000,"          $91,035,634.26","           5,903.5","              $15,420.62","         $100,065,396.47","           6,367.3","              $15,715.51",
Auburn,00170000,"          $39,950,537.43","           2,581.9","              $15,473.31","          $41,126,549.32","           2,632.0","              $15,625.59",
Avon,00180000,"          $13,992,796.48",             709.8,"              $19,713.72","          $15,245,741.48",             740.4,"              $20,591.22",
Ayer Shirley School District,06160000,"          $30,090,578.59","           1,611.1","              $18,677.04","          $34,902,108.48","           1,858.2","              $18,782.75",
Barnstable,00200000,"          $96,512,390.41","           4,858.5","              $19,864.65","         $107,274,186.88","           5,480.6","              $19,573.44",
Baystate Academy Charter Public School (District),35020000,"           $7,073,430.54",             442.2,"              $15,996.00","           $7,073,430.54",             442.2,"              $15,996.00",
Bedford,00230000,"          $53,990,205.42","           2,628.3","              $20,541.87","          $59,388,264.42","           2,686.4","              $22,107.01",
Belchertown,00240000,"          $35,314,385.89","           2,131.2","              $16,570.19","          $38,246,423.73","           2,330.3","              $16,412.66",
Bellingham,00250000,"          $41,022,403.63","           1,991.1","              $20,602.88","          $48,041,586.43","           2,325.4","              $20,659.49",
Belmont,00260000,"          $71,920,035.00","           4,364.4","              $16,478.79","          $82,755,349.00","           4,523.4","              $18,294.94",
Benjamin Banneker Charter Public (District),04200000,"           $7,739,068.18",             329.0,"              $23,520.86","           $7,739,068.18",             329.0,"              $23,520.86",
Benjamin Franklin Classical Charter Public (District),04470000,"          $11,378,816.53",             819.2,"              $13,890.84","          $11,378,816.53",             819.2,"              $13,890.84",
Berkley,00270000,"          $12,511,355.00",             876.6,"              $14,272.59","          $12,832,289.00",             894.3,"              $14,348.98",
Berkshire Arts and Technology Charter Public (District),04140000,"           $7,207,352.62",             361.9,"              $19,915.32","           $7,207,352.62",             361.9,"              $19,915.32",
Berkshire Hills,06180000,"          $31,149,087.93","           1,200.1","              $25,955.41","          $33,950,214.63","           1,300.6","              $26,103.50",
Berlin-Boylston,06200000,"          $18,666,942.62","           1,034.9","              $18,037.44","          $20,457,755.42","           1,098.3","              $18,626.75",
Beverly,00300000,"          $73,637,608.02","           4,688.5","              $15,706.01","          $82,696,386.00","           4,862.8","              $17,005.92",
Billerica,00310000,"          $91,231,469.00","           4,797.1","              $19,018.05","          $99,015,564.00","           5,023.9","              $19,708.90",
Blackstone Valley Regional Vocational Technical,08050000,"          $27,902,328.40","           1,241.2","              $22,480.12","          $27,907,328.40","           1,242.2","              $22,466.05",
Blackstone-Millville,06220000,"          $26,079,558.00","           1,516.8","              $17,193.80","          $29,968,775.50","           1,698.6","              $17,643.22",
Blue Hills Regional Vocational Technical,08060000,"          $22,894,689.78",             920.2,"              $24,880.12","          $22,909,400.78",             922.2,"              $24,842.12",
Boston,00350000,"       $1,436,259,332.68","          47,705.7","              $30,106.66","       $1,781,572,359.07","          61,684.2","              $28,882.15",
Boston Collegiate Charter (District),04490000,"          $14,747,763.62",             702.1,"              $21,004.62","          $14,747,763.62",             702.1,"              $21,004.62",
Boston Day and Evening Academy Charter (District),04240000,"           $6,417,677.69",             340.7,"              $18,837.49","           $6,417,677.69",             340.7,"              $18,837.49",
Boston Green Academy Horace Mann Charter School (District),04110000,"           $8,029,438.12",             464.9,"              $17,271.12","           $8,029,438.12",             464.9,"              $17,271.12",
Boston Preparatory Charter Public (District),04160000,"          $16,544,908.77",             682.0,"              $24,257.97","          $16,544,908.77",             682.0,"              $24,257.97",
Boston Renaissance Charter Public (District),04810000,"          $18,870,938.00",             935.8,"              $20,165.35","          $18,870,938.00",             935.8,"              $20,165.35",
Bourne,00360000,"          $33,942,474.93","           1,586.5","              $21,394.56","          $39,252,439.56","           1,865.8","              $21,037.86",
Boxford,00380000,"          $15,288,663.00",             758.8,"              $20,148.48","          $16,353,908.00",             771.6,"              $21,194.80",
Braintree,00400000,"          $87,436,419.09","           5,461.8","              $16,008.72","          $95,592,218.53","           5,582.3","              $17,124.16",
Brewster,00410000,"          $10,821,962.00",             434.8,"              $24,889.52","          $11,045,267.00",             452.5,"              $24,409.43",
Bridge Boston Charter School (District),04170000,"           $9,870,967.20",             332.4,"              $29,700.52","           $9,870,967.20",             332.4,"              $29,700.52",
Bridgewater-Raynham,06250000,"          $79,497,996.00","           5,453.3","              $14,577.96","          $86,114,628.41","           5,698.4","              $15,112.07",
Brimfield,00430000,"           $5,148,530.00",             274.3,"              $18,769.70","           $5,749,154.00",             289.8,"              $19,838.35",
Bristol County Agricultural,09100000,"          $10,552,008.53",             490.6,"              $21,508.37","          $10,552,008.53",             490.6,"              $21,508.37",
Bristol-Plymouth Regional Vocational Technical,08100000,"          $28,244,922.04","           1,337.2","              $21,122.44","          $28,332,291.04","           1,352.5","              $20,948.09",
Brockton,00440000,"         $308,511,731.65","          15,127.8","              $20,393.69","         $346,500,308.49","          17,037.3","              $20,337.75",
Brooke Charter School (District),04280000,"          $40,108,649.51","           2,150.0","              $18,655.45","          $40,108,649.51","           2,150.0","              $18,655.45",
Brookfield,00450000,"           $4,428,984.00",             279.9,"              $15,823.45","           $4,786,974.00",             292.4,"              $16,371.32",
Brookline,00460000,"         $175,203,822.00","           7,034.1","              $24,907.78","         $183,509,688.00","           7,112.2","              $25,802.10",
Burlington,00480000,"          $79,817,285.00","           3,465.4","              $23,032.63","          $90,841,699.00","           3,591.0","              $25,297.05",
Cambridge,00490000,"         $231,949,471.37","           6,638.9","              $34,937.94","         $268,520,448.82","           7,314.2","              $36,712.21",
Canton,00500000,"          $58,337,819.72","           3,243.2","              $17,987.73","          $66,364,161.64","           3,346.8","              $19,829.14",
Cape Cod Lighthouse Charter (District),04320000,"           $4,346,956.29",             249.3,"              $17,440.15","           $4,346,956.29",             249.3,"              $17,440.15",
Cape Cod Regional Vocational Technical,08150000,"          $17,375,333.50",             641.2,"              $27,098.15","          $17,423,056.50",             644.1,"              $27,050.24",
Carlisle,00510000,"          $13,645,333.00",             621.5,"              $21,955.48","          $14,261,370.00",             629.5,"              $22,655.08",
Carver,00520000,"          $26,892,776.00","           1,511.4","              $17,793.29","          $29,793,748.00","           1,611.1","              $18,492.80",
Central Berkshire,06350000,"          $28,242,831.00","           1,544.7","              $18,283.70","          $31,389,895.03","           1,759.6","              $17,839.22",
Chelmsford,00560000,"          $80,101,946.00","           4,995.6","              $16,034.50","          $87,973,130.00","           5,233.9","              $16,808.33",
Chelsea,00570000,"         $111,764,088.59","           6,163.5","              $18,133.22","         $144,451,975.12","           7,311.0","              $19,758.17",
Chesterfield-Goshen,06320000,"           $2,810,513.75",             148.3,"              $18,951.54","           $3,093,856.62",             158.0,"              $19,581.37",
Chicopee,00610000,"         $132,515,617.99","           6,852.6","              $19,338.01","         $142,372,328.38","           7,531.3","              $18,904.08",
Christa McAuliffe Charter Public (District),04180000,"           $6,563,531.00",             383.8,"              $17,100.10","           $6,563,531.00",             383.8,"              $17,100.10",
City on a Hill Charter Public School (District),04370000,"           $6,037,307.08",             218.0,"              $27,699.15","           $6,037,307.08",             218.0,"              $27,699.15",
Clarksburg,00630000,"           $3,013,669.72",             207.7,"              $14,509.72","           $4,012,564.38",             254.7,"              $15,754.08",
Clinton,00640000,"          $31,720,035.50","           1,940.7","              $16,344.64","          $38,128,535.50","           2,232.9","              $17,075.79",
Codman Academy Charter Public (District),04380000,"           $9,866,958.53",             341.3,"              $28,911.62","           $9,866,958.53",             341.3,"              $28,911.62",
Cohasset,00650000,"          $28,939,436.42","           1,423.5","              $20,329.78","          $31,744,509.96","           1,460.8","              $21,730.91",
Collegiate Charter School of Lowell (District),35030000,"          $12,215,121.93","           1,093.8","              $11,168.11","          $12,215,121.93","           1,093.8","              $11,168.11",
Community Charter School of Cambridge (District),04360000,"           $7,096,876.20",             288.1,"              $24,633.38","           $7,096,876.20",             288.1,"              $24,633.38",
Community Day Charter Public School - Gateway (District),04260000,"           $6,421,563.69",             398.6,"              $16,110.70","           $6,421,563.69",             398.6,"              $16,110.70",
Community Day Charter Public School - Prospect (District),04400000,"           $7,151,447.17",             398.5,"              $17,944.56","           $7,151,447.17",             398.5,"              $17,944.56",
Community Day Charter Public School - R. Kingman Webster (District),04310000,"           $6,191,634.20",             394.8,"              $15,684.16","           $6,191,634.20",             394.8,"              $15,684.16",
Concord,00670000,"          $46,581,756.05","           2,006.6","              $23,214.27","          $50,393,823.10","           2,030.2","              $24,822.10",
Concord-Carlisle,06400000,"          $30,545,962.94","           1,324.7","              $23,058.78","          $33,808,578.86","           1,362.0","              $24,822.75",
Conservatory Lab Charter (District),04390000,"           $9,488,726.73",             444.4,"              $21,354.17","           $9,488,726.73",             444.4,"              $21,354.17",
Conway,00680000,"           $3,536,280.82",             145.3,"              $24,337.79","           $3,625,835.53",             152.3,"              $23,807.19",
Danvers,00710000,"          $58,735,283.83","           3,246.5","              $18,091.88","          $65,606,932.35","           3,377.9","              $19,422.40",
Dartmouth,00720000,"          $55,385,867.11","           3,428.6","              $16,154.08","          $61,307,729.42","           3,543.9","              $17,299.51",
Dedham,00730000,"          $60,569,642.57","           2,588.3","              $23,401.32","          $66,898,333.21","           2,712.7","              $24,661.16",
Deerfield,00740000,"           $6,728,875.32",             330.0,"              $20,390.53","           $7,208,557.38",             372.6,"              $19,346.64",
Dennis-Yarmouth,06450000,"          $63,534,341.21","           2,794.9","              $22,732.24","          $72,398,752.60","           3,358.4","              $21,557.51",
Dighton-Rehoboth,06500000,"          $44,527,678.09","           2,620.0","              $16,995.30","          $47,007,531.77","           2,707.6","              $17,361.33",
Douglas,00770000,"          $19,724,368.65","           1,174.6","              $16,792.41","          $22,119,206.71","           1,254.3","              $17,634.70",
Dover,00780000,"          $10,576,132.87",             501.3,"              $21,097.41","          $12,691,429.87",             507.9,"              $24,988.05",
Dover-Sherborn,06550000,"          $26,800,422.75","           1,173.3","              $22,841.92","          $28,103,604.75","           1,203.6","              $23,349.62",
Dracut,00790000,"          $48,788,856.45","           3,676.6","              $13,270.10","          $56,039,179.74","           4,052.9","              $13,826.93",
Dudley Street Neighborhood Charter School (District),04070000,"           $5,516,715.01",             284.5,"              $19,389.79","           $5,516,715.01",             284.5,"              $19,389.79",
Dudley-Charlton Reg,06580000,"          $54,392,061.43","           3,494.6","              $15,564.60","          $58,482,317.11","           3,605.0","              $16,222.56",
Duxbury,00820000,"          $50,327,864.49","           2,801.8","              $17,962.69","          $53,182,261.49","           2,855.2","              $18,626.46",
East Bridgewater,00830000,"          $31,014,714.10","           2,107.2","              $14,718.45","          $33,756,919.10","           2,206.5","              $15,298.85",
East Longmeadow,00870000,"          $42,281,822.37","           2,511.1","              $16,837.97","          $46,472,108.07","           2,605.5","              $17,836.16",
Eastham,00850000,"           $5,073,977.00",             190.3,"              $26,663.04","           $5,215,995.00",             210.3,"              $24,802.64",
Easthampton,00860000,"          $24,133,979.01","           1,421.7","              $16,975.44","          $30,355,439.27","           1,752.6","              $17,320.23",
Easton,00880000,"          $53,870,339.68","           3,445.1","              $15,636.80","          $58,694,405.08","           3,528.3","              $16,635.32",
Edgartown,00890000,"          $11,402,245.09",             416.3,"              $27,389.49","          $12,304,029.09",             458.6,"              $26,829.54",
Edward M. Kennedy Academy for Health Careers (Horace Mann Charter) (District),04520000,"          $11,343,771.00",             371.1,"              $30,571.62","          $11,343,771.00",             371.1,"              $30,571.62",
Erving,00910000,"           $4,537,994.00",             134.2,"              $33,815.16","           $5,994,004.00",             220.2,"              $27,220.73",
Essex North Shore Agricultural and Technical School District,08170000,"          $36,586,049.11","           1,641.0","              $22,294.97","          $37,058,509.11","           1,649.3","              $22,469.23",
Everett,00930000,"         $130,899,153.73","           7,237.2","              $18,086.99","         $150,834,789.35","           8,056.9","              $18,721.19",
Excel Academy Charter (District),04100000,"          $26,812,760.89","           1,374.4","              $19,509.27","          $26,812,760.89","           1,374.4","              $19,509.27",
Fairhaven,00940000,"          $29,109,354.25","           1,856.5","              $15,679.70","          $31,477,734.02","           1,929.4","              $16,314.78",
Fall River,00950000,"         $194,340,234.00","          10,565.0","              $18,394.72","         $230,261,525.49","          12,638.1","              $18,219.63",
Falmouth,00960000,"          $70,022,534.19","           3,061.2","              $22,874.21","          $76,169,725.19","           3,300.3","              $23,079.64",
Farmington River Reg,06620000,"           $4,082,359.00",             116.0,"              $35,192.75","           $5,230,654.00",             252.6,"              $20,707.26",
Fitchburg,00970000,"          $87,271,737.53","           5,207.8","              $16,757.89","         $104,361,535.88","           5,962.3","              $17,503.57",
Florida,00980000,"           $1,837,897.65",             103.1,"              $17,826.36","           $1,954,559.43",             114.8,"              $17,025.78",
Four Rivers Charter Public (District),04130000,"           $3,972,200.00",             218.7,"              $18,163.61","           $3,972,200.00",             218.7,"              $18,163.61",
Foxborough,00990000,"          $48,246,684.02","           2,486.3","              $19,405.01","          $54,314,108.52","           2,639.6","              $20,576.64",
Foxborough Regional Charter (District),04460000,"          $24,057,765.94","           1,665.0","              $14,449.02","          $24,057,765.94","           1,665.0","              $14,449.02",
Framingham,01000000,"         $197,884,627.00","           9,223.2","              $21,455.09","         $224,379,948.00","           9,979.4","              $22,484.31",
Francis W. Parker Charter Essential (District),04780000,"           $6,206,037.22",             382.2,"              $16,235.97","           $6,206,037.22",             382.2,"              $16,235.97",
Franklin,01010000,"          $79,441,841.00","           4,788.6","              $16,589.78","          $92,932,730.20","           5,264.9","              $17,651.38",
Franklin County Regional Vocational Technical,08180000,"          $14,470,534.57",             558.7,"              $25,900.37","          $14,470,534.57",             558.7,"              $25,900.37",
Freetown-Lakeville,06650000,"          $41,201,527.32","           2,769.9","              $14,874.73","          $44,909,719.54","           2,896.0","              $15,507.50",
Frontier,06700000,"          $12,128,353.22",             607.7,"              $19,957.80","          $14,131,006.90",             687.9,"              $20,542.24",
Gardner,01030000,"          $35,686,850.52","           2,287.3","              $15,602.17","          $39,761,192.62","           2,546.7","              $15,612.83",
Gateway,06720000,"          $16,844,927.11",             740.8,"              $22,738.83","          $18,137,285.11",             843.1,"              $21,512.61",
Georgetown,01050000,"          $21,624,372.21","           1,268.1","              $17,052.58","          $23,877,322.73","           1,320.1","              $18,087.51",
Gill-Montague,06740000,"          $20,598,135.78",             844.4,"              $24,393.81","          $24,520,777.57","           1,145.2","              $21,411.79",
Global Learning Charter Public (District),04960000,"           $7,676,440.00",             501.8,"              $15,299.03","           $7,676,440.00",             501.8,"              $15,299.03",
Gloucester,01070000,"          $58,024,188.61","           2,868.8","              $20,225.94","          $63,676,836.61","           3,173.7","              $20,063.91",
Grafton,01100000,"          $49,667,185.74","           3,156.0","              $15,737.38","          $52,898,787.57","           3,267.0","              $16,191.85",
Granby,01110000,"          $13,040,226.71",             708.4,"              $18,408.00","          $14,133,391.52",             792.3,"              $17,838.43",
Greater Commonwealth Virtual District,39010000,"          $11,855,419.01","           1,085.4","              $10,922.63","          $11,855,419.01","           1,085.4","              $10,922.63",
Greater Fall River Regional Vocational Technical,08210000,"          $33,372,314.00","           1,435.2","              $23,252.73","          $33,441,121.00","           1,448.0","              $23,094.70",
Greater Lawrence Regional Vocational Technical,08230000,"          $51,567,506.74","           1,645.1","              $31,346.12","          $51,646,015.74","           1,657.0","              $31,168.39",
Greater Lowell Regional Vocational Technical,08280000,"          $55,063,374.02","           2,318.2","              $23,752.64","          $55,230,970.02","           2,347.7","              $23,525.57",
Greater New Bedford Regional Vocational Technical,08250000,"          $51,406,049.60","           2,088.1","              $24,618.58","          $51,462,524.60","           2,095.5","              $24,558.59",
Greenfield,01140000,"          $30,758,051.52","           1,581.0","              $19,454.81","          $38,499,948.71","           1,984.1","              $19,404.24",
Groton-Dunstable,06730000,"          $43,917,937.00","           2,352.6","              $18,667.83","          $47,683,843.00","           2,458.9","              $19,392.35",
Hadley,01170000,"           $9,641,773.38",             511.3,"              $18,857.37","          $11,708,518.37",             629.0,"              $18,614.50",
Halifax,01180000,"           $7,659,885.51",             570.8,"              $13,419.56","          $11,182,920.87",             609.4,"              $18,350.71",
Hamilton-Wenham,06750000,"          $34,370,073.77","           1,684.0","              $20,409.78","          $38,557,745.44","           1,745.3","              $22,092.33",
Hampden Charter School of Science East (District),04990000,"           $8,667,914.00",             544.6,"              $15,917.57","           $8,667,914.00",             544.6,"              $15,917.57",
Hampden Charter School of Science West (District),35160000,"           $6,262,006.49",             356.0,"              $17,587.93","           $6,262,006.49",             356.0,"              $17,587.93",
Hampden-Wilbraham,06800000,"          $51,301,384.00","           2,907.9","              $17,642.07","          $54,225,853.89","           2,999.8","              $18,076.49",
Hampshire,06830000,"          $14,668,674.28",             685.7,"              $21,392.26","          $16,449,289.43",             781.7,"              $21,042.97",
Hancock,01210000,"           $1,041,475.00",              56.0,"              $18,597.77","           $2,033,308.00",             104.1,"              $19,532.26",
Hanover,01220000,"          $40,252,413.53","           2,621.0","              $15,357.65","          $43,828,155.83","           2,697.4","              $16,248.30",
Harvard,01250000,"          $21,452,623.96","           1,034.2","              $20,743.21","          $24,628,719.96","           1,094.3","              $22,506.37",
Hatfield,01270000,"           $7,524,839.00",             386.5,"              $19,469.18","           $8,356,059.00",             461.0,"              $18,125.94",
Haverhill,01280000,"         $139,226,559.14","           7,853.6","              $17,727.74","         $157,560,394.16","           8,553.1","              $18,421.44",
Hawlemont,06850000,"           $2,729,278.02",             118.0,"              $23,129.47","           $2,976,860.02",             153.1,"              $19,443.89",
Helen Y. Davis Leadership Academy Charter Public (District),04190000,"           $3,578,096.00",             130.0,"              $27,528.05","           $3,578,096.00",             130.0,"              $27,528.05",
Hill View Montessori Charter Public (District),04550000,"           $4,463,275.23",             304.4,"              $14,663.98","           $4,463,275.23",             304.4,"              $14,663.98",
Hilltown Cooperative Charter Public (District),04500000,"           $3,509,209.10",             217.3,"              $16,147.66","           $3,509,209.10",             217.3,"              $16,147.66",
Hingham,01310000,"          $71,521,670.09","           3,840.1","              $18,624.95","          $76,783,790.93","           3,914.6","              $19,614.72",
Holbrook,01330000,"          $20,727,579.57","           1,293.8","              $16,020.70","          $24,077,688.28","           1,398.4","              $17,218.03",
Holland,01350000,"           $3,455,246.00",             231.3,"              $14,938.37","           $4,094,709.00",             241.3,"              $16,969.37",
Holliston,01360000,"          $43,588,231.84","           2,837.0","              $15,364.20","          $47,942,454.91","           2,941.2","              $16,300.30",
Holyoke,01370000,"         $115,685,724.24","           5,144.6","              $22,486.83","         $141,421,653.25","           6,396.2","              $22,110.26",
Holyoke Community Charter (District),04530000,"          $11,767,182.17",             647.8,"              $18,163.72","          $11,767,182.17",             647.8,"              $18,163.72",
Hoosac Valley Regional,06030000,"          $20,171,050.39","           1,019.2","              $19,791.06","          $22,283,636.39","           1,243.0","              $17,927.30",
Hopedale,01380000,"          $18,040,488.00","           1,122.3","              $16,074.57","          $19,736,003.00","           1,178.5","              $16,746.71",
Hopkinton,01390000,"          $63,383,095.28","           4,049.5","              $15,652.08","          $66,548,973.32","           4,113.8","              $16,177.01",
Hudson,01410000,"          $48,218,058.93","           2,402.1","              $20,073.29","          $55,519,890.35","           2,676.3","              $20,745.02",
Hull,01420000,"          $21,206,272.20",             804.3,"              $26,366.12","          $23,661,294.71",             851.3,"              $27,794.31",
Innovation Academy Charter (District),04350000,"          $12,296,855.00",             768.2,"              $16,007.57","          $12,296,855.00",             768.2,"              $16,007.57",
Ipswich,01440000,"          $33,581,897.00","           1,642.0","              $20,451.83","          $35,524,883.00","           1,698.6","              $20,914.21",
KIPP Academy Boston Charter School (District),04630000,"          $11,932,310.33",             600.6,"              $19,866.32","          $11,932,310.33",             600.6,"              $19,866.32",
KIPP Academy Lynn Charter (District),04290000,"          $30,525,262.26","           1,606.6","              $18,999.91","          $30,525,262.26","           1,606.6","              $18,999.91",
King Philip,06900000,"          $34,938,218.35","           1,895.3","              $18,434.14","          $42,441,361.02","           1,972.5","              $21,516.53",
Kingston,01450000,"          $14,348,714.73","           1,066.5","              $13,454.02","          $18,669,080.87","           1,121.6","              $16,645.04",
Lawrence,01490000,"         $252,754,711.96","          13,176.9","              $19,181.65","         $297,905,755.84","          15,281.1","              $19,495.05",
Lawrence Family Development Charter (District),04540000,"          $12,087,038.00",             795.0,"              $15,203.63","          $12,087,038.00",             795.0,"              $15,203.63",
Learning First Charter Public School (District),04860000,"          $11,189,361.00",             667.1,"              $16,774.40","          $11,189,361.00",             667.1,"              $16,774.40",
Lee,01500000,"          $14,838,720.20",             661.6,"              $22,428.54","          $15,854,948.96",             772.0,"              $20,537.50",
Leicester,01510000,"          $21,397,545.93","           1,408.7","              $15,189.57","          $26,096,717.33","           1,590.4","              $16,408.90",
Lenox,01520000,"          $16,599,918.08",             733.2,"              $22,640.37","          $17,104,268.08",             777.8,"              $21,990.57",
Leominster,01530000,"          $90,303,759.38","           5,969.6","              $15,127.27","         $101,451,285.38","           6,376.3","              $15,910.68",
Leverett,01540000,"           $2,983,437.00",             141.9,"              $21,024.93","           $3,229,290.00",             153.9,"              $20,983.04",
Lexington,01550000,"         $146,359,764.69","           6,854.6","              $21,352.05","         $158,508,296.85","           6,971.5","              $22,736.61",
Libertas Academy Charter School (District),35140000,"           $7,026,427.87",             323.3,"              $21,732.79","           $7,026,427.87",             323.3,"              $21,732.79",
Lincoln,01570000,"          $31,345,783.87","           1,063.4","              $29,476.95","          $33,579,963.62","           1,097.9","              $30,585.63",
Lincoln-Sudbury,06950000,"          $31,907,797.00","           1,507.4","              $21,167.44","          $38,465,870.00","           1,576.4","              $24,401.08",
Littleton,01580000,"          $28,429,658.00","           1,649.9","              $17,231.14","          $32,242,689.00","           1,760.3","              $18,316.59",
Longmeadow,01590000,"          $47,116,015.02","           2,824.2","              $16,682.96","          $50,620,295.18","           2,873.1","              $17,618.70",
Lowell,01600000,"         $259,854,944.26","          14,210.0","              $18,286.77","         $302,509,284.36","          16,604.0","              $18,219.06",
Lowell Community Charter Public (District),04560000,"          $13,473,282.16",             817.4,"              $16,483.50","          $13,473,282.16",             817.4,"              $16,483.50",
Lowell Middlesex Academy Charter (District),04580000,"           $1,423,573.01",              90.9,"              $15,655.70","           $1,423,573.01",              90.9,"              $15,655.70",
Ludlow,01610000,"          $43,952,822.00","           2,348.9","              $18,712.09","          $48,120,336.94","           2,470.2","              $19,480.34",
Lunenburg,01620000,"          $25,393,134.62","           1,599.8","              $15,872.69","          $27,364,372.31","           1,724.9","              $15,864.32",
Lynn,01630000,"         $278,648,462.00","          15,975.0","              $17,442.78","         $325,363,918.00","          18,213.5","              $17,863.89",
Lynnfield,01640000,"          $38,823,604.00","           2,185.9","              $17,760.92","          $41,025,496.00","           2,223.0","              $18,455.01",
MATCH Charter Public School (District),04690000,"          $28,299,622.00","           1,208.9","              $23,409.98","          $28,299,622.00","           1,208.9","              $23,409.98",
Malden,01650000,"         $103,789,971.18","           6,244.1","              $16,622.09","         $123,214,011.66","           7,069.7","              $17,428.46",
Manchester Essex Regional,06980000,"          $28,134,235.36","           1,258.0","              $22,364.26","          $30,388,699.27","           1,295.5","              $23,457.12",
Mansfield,01670000,"          $67,023,856.47","           3,459.3","              $19,374.98","          $73,234,820.46","           3,584.8","              $20,429.26",
Map Academy Charter School (District),35170000,"           $4,203,690.94",             223.7,"              $18,791.64","           $4,203,690.94",             223.7,"              $18,791.64",
Marblehead,01680000,"          $52,561,039.96","           2,621.2","              $20,052.28","          $58,927,322.04","           2,790.3","              $21,118.63",
Marblehead Community Charter Public (District),04640000,"           $3,453,964.50",             227.0,"              $15,213.69","           $3,453,964.50",             227.0,"              $15,213.69",
Marion,01690000,"           $8,030,040.00",             408.7,"              $19,647.76","           $8,755,061.00",             422.5,"              $20,722.04",
Marlborough,01700000,"          $87,067,178.22","           4,900.7","              $17,766.27","         $101,093,589.53","           5,583.9","              $18,104.48",
Marshfield,01710000,"          $59,472,124.85","           3,826.2","              $15,543.39","          $65,114,316.50","           3,934.5","              $16,549.58",
Martha's Vineyard,07000000,"          $23,894,100.65",             709.9,"              $33,658.40","          $27,457,332.08",             760.0,"              $36,128.07",
Martha's Vineyard Charter (District),04660000,"           $5,860,387.85",             174.6,"              $33,568.49","           $5,860,387.85",             174.6,"              $33,568.49",
Martin Luther King Jr. Charter School of Excellence (District),04920000,"           $5,998,109.68",             357.1,"              $16,798.13","           $5,998,109.68",             357.1,"              $16,798.13",
Masconomet,07050000,"          $34,698,581.00","           1,632.7","              $21,252.27","          $39,313,299.00","           1,705.5","              $23,050.89",
Mashpee,01720000,"          $31,817,209.75","           1,467.8","              $21,676.80","          $35,009,688.77","           1,625.8","              $21,533.82",
Mattapoisett,01730000,"           $9,485,370.00",             425.7,"              $22,281.82","          $10,389,038.00",             433.1,"              $23,987.62",
Maynard,01740000,"          $26,737,702.38","           1,199.9","              $22,283.28","          $31,618,508.75","           1,373.4","              $23,022.07",
Medfield,01750000,"          $45,631,145.91","           2,532.5","              $18,018.22","          $48,095,732.45","           2,562.4","              $18,769.80",
Medford,01760000,"          $86,326,826.20","           4,140.2","              $20,850.88","          $99,287,915.00","           4,645.7","              $21,372.00",
Medway,01770000,"          $37,447,561.08","           2,122.5","              $17,643.14","          $41,258,545.08","           2,225.8","              $18,536.50",
Melrose,01780000,"          $55,859,852.40","           3,847.8","              $14,517.35","          $64,746,197.29","           4,166.4","              $15,540.08",
Mendon-Upton,07100000,"          $38,984,484.91","           2,157.8","              $18,066.77","          $43,230,451.46","           2,266.6","              $19,072.82",
Methuen,01810000,"         $102,816,049.66","           6,552.6","              $15,690.88","         $120,609,835.66","           6,994.5","              $17,243.53",
Middleborough,01820000,"          $49,088,271.65","           3,061.4","              $16,034.58","          $53,880,961.68","           3,239.5","              $16,632.49",
Middleton,01840000,"          $13,863,405.00",             709.1,"              $19,550.71","          $14,427,662.00",             719.2,"              $20,060.71",
Milford,01850000,"          $75,516,730.47","           4,435.4","              $17,025.91","          $84,868,510.47","           4,859.4","              $17,464.81",
Millbury,01860000,"          $29,587,500.00","           1,621.8","              $18,243.62","          $32,878,025.00","           1,713.2","              $19,191.00",
Millis,01870000,"          $23,101,904.04","           1,180.5","              $19,569.59","          $24,951,051.04","           1,232.1","              $20,250.83",
Milton,01890000,"          $72,057,052.26","           4,386.0","              $16,428.88","          $78,208,793.26","           4,454.1","              $17,558.83",
Minuteman Regional Vocational Technical,08300000,"          $22,471,114.00",             655.0,"              $34,307.04","          $22,488,339.00",             658.0,"              $34,176.81",
Mohawk Trail,07170000,"          $20,423,913.69",             768.7,"              $26,569.42","          $23,185,868.79",             952.4,"              $24,344.68",
Monomoy Regional School District,07120000,"          $39,269,662.00","           1,771.0","              $22,173.72","          $42,359,277.29","           1,956.0","              $21,656.07",
Monson,01910000,"          $16,859,396.00",             843.1,"              $19,996.91","          $19,218,755.46",             948.5,"              $20,262.26",
Montachusett Regional Vocational Technical,08320000,"          $32,856,285.00","           1,408.8","              $23,322.18","          $33,201,431.00","           1,461.7","              $22,714.26",
Mount Greylock,07150000,"          $22,600,104.00","           1,159.6","              $19,489.57","          $23,506,595.00","           1,217.5","              $19,307.26",
Mystic Valley Regional Charter (District),04700000,"          $22,481,835.00","           1,586.9","              $14,166.78","          $22,481,835.00","           1,586.9","              $14,166.78",
Nahant,01960000,"           $2,770,907.00",             168.2,"              $16,473.88","           $4,918,947.00",             269.2,"              $18,272.46",
Nantucket,01970000,"          $44,815,934.64","           1,692.3","              $26,482.26","          $45,999,808.64","           1,705.2","              $26,976.20",
Narragansett,07200000,"          $21,101,743.00","           1,402.8","              $15,042.59","          $23,835,726.00","           1,545.9","              $15,418.67",
Nashoba,07250000,"          $59,647,501.24","           3,107.4","              $19,195.31","          $62,926,087.58","           3,243.7","              $19,399.48",
Nashoba Valley Regional Vocational Technical,08520000,"          $15,826,365.00",             732.9,"              $21,594.17","          $15,851,420.00",             734.3,"              $21,587.12",
Natick,01980000,"          $90,177,659.06","           5,329.2","              $16,921.43","          $99,428,601.23","           5,472.3","              $18,169.44",
Nauset,06600000,"          $32,201,968.00","           1,359.6","              $23,684.88","          $37,122,883.00","           1,525.1","              $24,341.28",
Needham,01990000,"         $121,188,347.97","           5,561.6","              $21,790.19","         $128,972,521.82","           5,654.6","              $22,808.43",
Neighborhood House Charter (District),04440000,"          $17,942,750.00",             793.2,"              $22,621.00","          $17,942,750.00",             793.2,"              $22,621.00",
New Bedford,02010000,"         $241,063,736.44","          12,744.9","              $18,914.53","         $274,379,298.51","          14,561.6","              $18,842.66",
New Heights Charter School of Brockton (District),35130000,"          $13,699,103.30",             732.3,"              $18,705.93","          $13,699,103.30",             732.3,"              $18,705.93",
New Salem-Wendell,07280000,"           $3,490,903.00",             131.1,"              $26,627.79","           $3,558,004.00",             140.6,"              $25,305.86",
Newburyport,02040000,"          $43,331,840.25","           2,182.7","              $19,852.40","          $49,672,111.25","           2,378.8","              $20,881.16",
Newton,02070000,"         $284,598,150.00","          12,074.2","              $23,570.77","         $300,003,740.00","          12,234.1","              $24,521.93",
Norfolk,02080000,"          $17,359,183.35","           1,047.8","              $16,567.27","          $17,962,423.00","           1,068.9","              $16,804.59",
Norfolk County Agricultural,09150000,"          $15,027,466.46",             584.5,"              $25,709.95","          $15,027,466.46",             584.5,"              $25,709.95",
North Adams,02090000,"          $28,349,686.22","           1,262.1","              $22,462.31","          $31,501,349.31","           1,476.5","              $21,335.15",
North Andover,02110000,"          $74,947,845.63","           4,543.4","              $16,495.98","          $81,081,409.13","           4,657.5","              $17,408.78",
North Attleborough,02120000,"          $60,477,078.00","           4,034.8","              $14,988.87","          $67,397,295.00","           4,256.6","              $15,833.60",
North Brookfield,02150000,"           $8,624,767.20",             470.3,"              $18,338.86","          $10,429,308.00",             640.4,"              $16,285.62",
North Middlesex,07350000,"          $51,847,286.08","           3,025.3","              $17,137.90","          $60,026,144.31","           3,227.4","              $18,598.92",
North Reading,02170000,"          $44,130,618.78","           2,332.3","              $18,921.50","          $47,288,599.60","           2,371.3","              $19,942.06",
Northampton,02100000,"          $49,616,013.62","           2,670.3","              $18,580.69","          $54,758,818.62","           2,940.3","              $18,623.55",
Northampton-Smith Vocational Agricultural,04060000,"          $12,876,484.30",             540.4,"              $23,827.69","          $12,876,484.30",             540.4,"              $23,827.69",
Northboro-Southboro,07300000,"          $26,325,036.75","           1,263.4","              $20,836.66","          $28,051,620.29","           1,297.2","              $21,624.75",
Northborough,02130000,"          $31,342,814.92","           1,571.5","              $19,944.52","          $33,885,243.85","           1,660.1","              $20,411.57",
Northbridge,02140000,"          $32,413,864.26","           1,978.0","              $16,387.19","          $37,039,644.49","           2,198.1","              $16,850.75",
Northeast Metropolitan Regional Vocational Technical,08530000,"          $31,239,641.01","           1,294.2","              $24,138.19","          $31,245,321.01","           1,298.1","              $24,070.04",
Northern Berkshire Regional Vocational Technical,08510000,"          $12,054,339.44",             503.7,"              $23,931.59","          $12,088,957.44",             509.7,"              $23,717.79",
Norton,02180000,"          $42,173,644.83","           2,383.0","              $17,697.71","          $47,510,639.10","           2,500.8","              $18,998.18",
Norwell,02190000,"          $38,304,641.00","           2,184.2","              $17,537.15","          $42,218,058.67","           2,233.9","              $18,898.81",
Norwood,02200000,"          $69,141,638.03","           3,514.4","              $19,673.81","          $77,662,538.93","           3,678.1","              $21,114.85",
Oak Bluffs,02210000,"          $11,637,763.28",             434.9,"              $26,759.63","          $13,500,662.28",             497.1,"              $27,158.85",
Old Colony Regional Vocational Technical,08550000,"          $13,394,280.60",             553.9,"              $24,181.77","          $13,409,280.60",             556.9,"              $24,078.44",
Old Rochester,07400000,"          $21,887,236.00","           1,090.5","              $20,070.83","          $22,225,087.00","           1,113.9","              $19,952.50",
Old Sturbridge Academy Charter Public School (District),35150000,"           $4,952,966.44",             322.8,"              $15,346.14","           $4,952,966.44",             322.8,"              $15,346.14",
Orange,02230000,"           $9,234,042.00",             528.0,"              $17,488.72","          $10,324,262.00",             611.8,"              $16,875.22",
Orleans,02240000,"           $5,706,706.00",             163.7,"              $34,860.76","           $5,953,780.00",             173.2,"              $34,375.17",
Oxford,02260000,"          $26,228,196.78","           1,466.1","              $17,889.77","          $29,467,636.53","           1,607.3","              $18,333.63",
Palmer,02270000,"          $20,432,060.34","           1,178.1","              $17,343.23","          $23,940,574.02","           1,339.3","              $17,875.44",
Pathfinder Regional Vocational Technical,08600000,"          $15,695,031.00",             617.4,"              $25,421.17","          $15,860,112.00",             638.4,"              $24,843.53",
Paulo Freire Social Justice Charter School (District),35010000,"           $5,463,024.61",             244.0,"              $22,386.69","           $5,463,024.61",             244.0,"              $22,386.69",
Peabody,02290000,"          $93,684,635.34","           5,989.9","              $15,640.43","         $106,110,298.12","           6,243.0","              $16,996.68",
Pelham,02300000,"           $2,340,922.00",             119.0,"              $19,671.61","           $2,412,093.00",             125.0,"              $19,296.74",
Pembroke,02310000,"          $42,637,118.52","           2,569.1","              $16,596.13","          $48,654,507.86","           2,765.1","              $17,595.93",
Pentucket,07450000,"          $38,750,554.00","           2,228.6","              $17,387.85","          $43,864,067.00","           2,342.5","              $18,725.32",
Petersham,02340000,"           $2,302,006.18",             116.2,"              $19,810.72","           $2,466,599.18",             126.3,"              $19,529.68",
Phoenix Academy Public Charter High School Lawrence (District),35180000,"           $2,451,740.93",             121.3,"              $20,212.21","           $2,451,740.93",             121.3,"              $20,212.21",
Phoenix Academy Public Charter High School Springfield (District),35080000,"           $3,117,692.55",             169.6,"              $18,381.54","           $3,117,692.55",             169.6,"              $18,381.54",
Phoenix Charter Academy (District),04930000,"           $4,194,193.59",             185.6,"              $22,601.68","           $4,194,193.59",             185.6,"              $22,601.68",
Pioneer Charter School of Science (District),04940000,"          $12,782,412.58",             777.2,"              $16,446.11","          $12,782,412.58",             777.2,"              $16,446.11",
Pioneer Charter School of Science II (PCSS-II) (District),35060000,"           $6,117,629.19",             369.3,"              $16,563.68","           $6,117,629.19",             369.3,"              $16,563.68",
Pioneer Valley,07500000,"          $14,295,519.81",             637.9,"              $22,410.28","          $15,713,541.30",             726.4,"              $21,632.08",
Pioneer Valley Chinese Immersion Charter (District),04970000,"           $8,692,992.58",             563.6,"              $15,423.77","           $8,692,992.58",             563.6,"              $15,423.77",
Pioneer Valley Performing Arts Charter Public (District),04790000,"           $6,406,852.92",             393.9,"              $16,266.00","           $6,406,852.92",             393.9,"              $16,266.00",
Pittsfield,02360000,"         $103,454,798.00","           4,949.1","              $20,903.76","         $115,517,127.24","           5,765.5","              $20,035.93",
Plainville,02380000,"          $11,208,189.68",             656.8,"              $17,064.84","          $12,564,077.66",             716.9,"              $17,525.57",
Plymouth,02390000,"         $145,283,971.74","           7,254.3","              $20,027.29","         $163,017,309.79","           7,902.2","              $20,629.36",
Plympton,02400000,"           $3,819,081.30",             241.9,"              $15,787.85","           $4,358,019.92",             252.9,"              $17,232.19",
Prospect Hill Academy Charter (District),04870000,"          $23,373,784.15","           1,094.1","              $21,362.70","          $23,373,784.15","           1,094.1","              $21,362.70",
Provincetown,02420000,"           $6,831,173.42",             147.0,"              $46,470.57","           $7,545,221.45",             172.7,"              $43,689.76",
Quabbin,07530000,"          $38,543,729.22","           2,222.6","              $17,341.73","          $41,785,072.57","           2,324.4","              $17,976.71",
Quaboag Regional,07780000,"          $20,255,900.27","           1,150.3","              $17,609.23","          $22,204,269.67","           1,279.1","              $17,359.29",
Quincy,02430000,"         $171,116,575.24","           9,630.2","              $17,768.75","         $191,236,533.03","           9,876.6","              $19,362.59",
Ralph C Mahar,07550000,"          $12,509,820.39",             555.5,"              $22,519.93","          $14,523,837.84",             663.0,"              $21,906.24",
Randolph,02440000,"          $62,451,873.00","           2,639.1","              $23,664.08","          $73,021,413.65","           3,261.9","              $22,386.16",
Reading,02460000,"          $64,078,556.16","           3,845.5","              $16,663.26","          $69,389,904.66","           3,933.0","              $17,643.00",
Revere,02480000,"         $126,093,690.37","           7,276.1","              $17,329.85","         $152,636,508.80","           8,020.5","              $19,030.80",
Richmond,02490000,"           $3,588,630.16",             155.9,"              $23,018.80","           $4,549,328.06",             208.1,"              $21,861.26",
Rising Tide Charter Public (District),04830000,"          $10,734,269.33",             650.3,"              $16,506.13","          $10,734,269.33",             650.3,"              $16,506.13",
River Valley Charter (District),04820000,"           $4,426,752.00",             287.0,"              $15,426.37","           $4,426,752.00",             287.0,"              $15,426.37",
Rochester,02500000,"           $8,340,671.00",             506.5,"              $16,467.27","           $8,956,929.65",             526.3,"              $17,018.68",
Rockland,02510000,"          $42,401,140.89","           2,145.1","              $19,766.51","          $47,230,458.89","           2,314.4","              $20,407.22",
Rockport,02520000,"          $18,766,506.00",             747.1,"              $25,119.14","          $21,579,460.00",             799.8,"              $26,981.07",
Rowe,02530000,"           $2,102,666.54",              70.4,"              $29,867.42","           $2,754,045.87",              94.1,"              $29,267.22",
Roxbury Preparatory Charter (District),04840000,"          $30,796,027.87","           1,501.6","              $20,509.49","          $30,796,027.87","           1,501.6","              $20,509.49",
Salem,02580000,"          $86,918,074.00","           3,720.4","              $23,362.56","         $101,392,499.00","           4,363.7","              $23,235.44",
Salem Academy Charter (District),04850000,"           $8,461,353.18",             490.2,"              $17,261.02","           $8,461,353.18",             490.2,"              $17,261.02",
Sandwich,02610000,"          $49,593,490.00","           2,300.1","              $21,561.45","          $57,320,288.07","           2,606.8","              $21,988.76",
Saugus,02620000,"          $43,953,316.47","           2,510.8","              $17,505.70","          $53,394,107.51","           2,854.4","              $18,705.90",
Savoy,02630000,"           $1,116,475.82",              51.0,"              $21,891.68","           $1,404,782.61",              66.4,"              $21,156.36",
Scituate,02640000,"          $50,188,132.57","           2,772.0","              $18,105.39","          $54,157,648.33","           2,832.3","              $19,121.44",
Seekonk,02650000,"          $36,518,378.05","           2,091.4","              $17,461.21","          $40,387,033.39","           2,146.9","              $18,811.79",
Sharon,02660000,"          $65,576,829.39","           3,584.8","              $18,293.02","          $70,830,659.99","           3,660.5","              $19,350.00",
Shawsheen Valley Regional Vocational Technical,08710000,"          $34,332,017.17","           1,305.6","              $26,295.97","          $34,375,401.17","           1,313.3","              $26,174.83",
Sherborn,02690000,"           $8,379,590.00",             405.6,"              $20,659.74","           $8,988,106.00",             408.6,"              $21,997.32",
Shrewsbury,02710000,"          $93,859,685.00","           5,944.1","              $15,790.39","         $102,300,580.00","           6,176.7","              $16,562.34",
Shutesbury,02720000,"           $3,213,606.00",             115.3,"              $27,871.69","           $3,377,068.00",             133.4,"              $25,315.35",
Silver Lake,07600000,"          $33,304,804.18","           1,712.3","              $19,450.33","          $34,476,685.18","           1,797.6","              $19,179.29",
Sizer School: A North Central Charter Essential (District),04740000,"           $5,601,994.00",             353.2,"              $15,861.58","           $5,601,994.00",             353.2,"              $15,861.58",
Somerset,02730000,"          $27,975,073.10","           1,680.6","              $16,645.88","          $29,888,828.31","           1,749.1","              $17,088.12",
Somerset Berkley Regional School District,07630000,"          $16,466,345.00",             994.5,"              $16,557.41","          $18,964,928.00","           1,050.1","              $18,060.12",
Somerville,02740000,"         $115,507,434.24","           4,821.2","              $23,958.23","         $130,842,310.09","           5,282.7","              $24,768.08",
South Hadley,02780000,"          $29,721,017.25","           1,774.6","              $16,748.01","          $35,182,447.87","           2,037.8","              $17,264.92",
South Middlesex Regional Vocational Technical,08290000,"          $23,907,282.67",             827.0,"              $28,908.44","          $23,907,282.67",             830.0,"              $28,803.96",
South Shore Charter Public (District),04880000,"          $16,546,291.32","           1,043.7","              $15,852.89","          $16,546,291.32","           1,043.7","              $15,852.89",
South Shore Regional Vocational Technical,08730000,"          $15,851,166.30",             650.7,"              $24,360.18","          $15,851,166.30",             650.7,"              $24,360.18",
Southampton,02750000,"           $6,989,939.67",             466.8,"              $14,974.16","           $8,661,299.29",             547.3,"              $15,825.51",
Southborough,02760000,"          $26,601,694.88","           1,260.3","              $21,107.43","          $29,194,475.47","           1,292.7","              $22,584.11",
Southbridge,02770000,"          $38,818,860.67","           1,864.2","              $20,823.33","          $45,895,779.19","           2,265.7","              $20,256.78",
Southeastern Regional Vocational Technical,08720000,"          $35,725,871.00","           1,614.1","              $22,133.62","          $35,726,969.00","           1,615.1","              $22,120.59",
Southern Berkshire,07650000,"          $18,182,260.06",             623.2,"              $29,175.64","          $19,506,741.53",             766.2,"              $25,459.07",
Southern Worcester County Regional Vocational School District,08760000,"          $24,763,855.68","           1,161.3","              $21,324.25","          $24,967,339.68","           1,196.8","              $20,861.75",
Southwick-Tolland-Granville Regional School District,07660000,"          $24,210,887.33","           1,364.5","              $17,743.41","          $26,510,717.42","           1,465.0","              $18,096.05",
Spencer-E Brookfield,07670000,"          $23,307,703.23","           1,380.3","              $16,885.97","          $28,225,377.83","           1,638.2","              $17,229.51",
Springfield,02810000,"         $513,854,109.63","          24,040.4","              $21,374.61","         $606,907,322.47","          29,540.3","              $20,545.06",
Springfield International Charter (District),04410000,"          $19,730,310.75","           1,524.3","              $12,943.85","          $19,730,310.75","           1,524.3","              $12,943.85",
Springfield Preparatory Charter School (District),35100000,"           $7,340,146.29",             433.1,"              $16,947.92","           $7,340,146.29",             433.1,"              $16,947.92",
Stoneham,02840000,"          $40,800,895.88","           2,249.3","              $18,139.37","          $47,914,044.45","           2,476.6","              $19,346.70",
Stoughton,02850000,"          $61,466,024.27","           3,509.5","              $17,514.18","          $68,318,285.94","           3,740.1","              $18,266.43",
Sturbridge,02870000,"          $14,513,949.00",             867.6,"              $16,728.85","          $16,979,331.00",             902.6,"              $18,811.58",
Sturgis Charter Public (District),04890000,"          $12,657,224.00",             843.1,"              $15,013.08","          $12,657,224.00",             843.1,"              $15,013.08",
Sudbury,02880000,"          $50,982,907.00","           2,544.2","              $20,038.88","          $52,826,939.00","           2,583.2","              $20,450.19",
Sunderland,02890000,"           $4,516,936.29",             189.4,"              $23,848.66","           $4,765,970.03",             218.0,"              $21,862.25",
Sutton,02900000,"          $22,379,828.34","           1,290.8","              $17,337.95","          $24,622,074.47","           1,341.4","              $18,355.51",
Swampscott,02910000,"          $39,415,922.00","           2,053.1","              $19,198.25","          $44,731,156.00","           2,187.0","              $20,453.20",
Swansea,02920000,"          $30,430,839.17","           2,026.6","              $15,015.71","          $32,051,658.01","           2,101.7","              $15,250.35",
TEC Connections Academy Commonwealth Virtual School District,39020000,"          $29,334,090.36","           2,697.7","              $10,873.74","          $29,334,090.36","           2,697.7","              $10,873.74",
Tantasqua,07700000,"          $29,526,319.00","           1,776.3","              $16,622.37","          $29,968,568.00","           1,834.1","              $16,339.66",
Taunton,02930000,"         $119,058,747.68","           7,896.9","              $15,076.64","         $136,739,254.98","           8,340.9","              $16,393.83",
Tewksbury,02950000,"          $62,165,732.95","           3,239.6","              $19,189.32","          $70,866,934.11","           3,427.7","              $20,674.78",
Tisbury,02960000,"          $10,001,386.47",             297.3,"              $33,640.72","          $11,311,315.47",             385.4,"              $29,349.55",
Topsfield,02980000,"          $11,973,138.00",             630.4,"              $18,992.92","          $12,345,587.00",             641.7,"              $19,238.88",
Tri-County Regional Vocational Technical,08780000,"          $22,025,187.00",             947.0,"              $23,257.85","          $22,080,000.00",             950.0,"              $23,242.11",
Triton,07730000,"          $47,604,733.48","           2,185.1","              $21,786.07","          $52,888,371.00","           2,373.6","              $22,281.92",
Truro,03000000,"           $5,083,992.56",             113.6,"              $44,753.46","           $7,498,214.33",             220.3,"              $34,036.38",
Tyngsborough,03010000,"          $27,517,251.59","           1,628.0","              $16,902.49","          $31,290,618.59","           1,774.8","              $17,630.50",
UP Academy Charter School of Boston (District),04800000,"           $6,908,925.33",             303.2,"              $22,783.35","           $6,908,925.33",             303.2,"              $22,783.35",
UP Academy Charter School of Dorchester (District),35050000,"           $9,299,068.26",             630.2,"              $14,755.18","           $9,299,068.26",             630.2,"              $14,755.18",
Up-Island Regional,07740000,"          $12,695,145.02",             407.6,"              $31,146.09","          $13,917,377.02",             458.6,"              $30,347.53",
Upper Cape Cod Regional Vocational Technical,08790000,"          $20,103,582.00",             752.5,"              $26,715.72","          $20,135,582.00",             758.9,"              $26,532.59",
Uxbridge,03040000,"          $29,627,338.32","           1,637.3","              $18,095.24","          $33,835,228.37","           1,812.4","              $18,668.74",
Veritas Preparatory Charter School (District),04980000,"           $8,435,263.66",             367.8,"              $22,935.00","           $8,435,263.66",             367.8,"              $22,935.00",
Wachusett,07750000,"         $104,135,916.57","           6,756.3","              $15,413.16","         $114,791,137.24","           7,004.8","              $16,387.50",
Wakefield,03050000,"          $60,527,538.92","           3,337.1","              $18,137.77","          $65,172,025.25","           3,466.6","              $18,799.98",
Wales,03060000,"           $2,165,342.00",             114.9,"              $18,845.45","           $2,808,263.00",             142.4,"              $19,720.95",
Walpole,03070000,"          $64,587,516.52","           3,670.2","              $17,597.82","          $69,866,437.51","           3,776.4","              $18,500.80",
Waltham,03080000,"         $132,008,100.57","           5,628.3","              $23,454.35","         $140,205,674.57","           5,831.0","              $24,044.88",
Ware,03090000,"          $20,112,698.22","           1,123.4","              $17,903.42","          $22,773,049.80","           1,325.2","              $17,184.61",
Wareham,03100000,"          $44,652,497.18","           2,030.1","              $21,995.22","          $51,863,450.16","           2,422.0","              $21,413.48",
Watertown,03140000,"          $64,054,841.59","           2,603.9","              $24,599.58","          $71,436,263.45","           2,746.9","              $26,006.14",
Wayland,03150000,"          $57,503,613.42","           2,740.1","              $20,985.95","          $59,929,914.32","           2,777.2","              $21,579.26",
Webster,03160000,"          $31,711,288.00","           1,709.0","              $18,555.46","          $36,637,128.00","           1,946.8","              $18,819.15",
Wellesley,03170000,"         $102,520,777.34","           4,319.9","              $23,732.21","         $110,932,530.17","           4,382.4","              $25,313.19",
Wellfleet,03180000,"           $3,702,261.00",             114.1,"              $32,447.51","           $4,084,846.22",             139.8,"              $29,219.21",
West Boylston,03220000,"          $16,263,606.35",             887.8,"              $18,319.00","          $18,710,411.95",             978.9,"              $19,113.71",
West Bridgewater,03230000,"          $20,133,831.91","           1,389.8","              $14,486.86","          $22,006,929.13","           1,422.8","              $15,467.34",
West Springfield,03320000,"          $63,971,999.19","           3,875.0","              $16,508.90","          $70,390,588.19","           4,032.4","              $17,456.25",
Westborough,03210000,"          $72,743,047.21","           3,905.6","              $18,625.32","          $77,168,395.78","           3,972.3","              $19,426.63",
Westfield,03250000,"          $83,363,611.85","           4,870.5","              $17,116.03","          $90,872,673.89","           5,178.6","              $17,547.73",
Westford,03260000,"          $78,540,459.90","           4,783.8","              $16,418.01","          $84,582,483.34","           4,881.3","              $17,327.86",
Westhampton,03270000,"           $2,650,696.66",             106.4,"              $24,912.56","           $3,185,115.91",             130.1,"              $24,482.06",
Weston,03300000,"          $57,335,241.21","           1,957.8","              $29,285.55","          $60,645,741.93","           1,991.9","              $30,446.18",
Westport,03310000,"          $25,706,336.00","           1,462.2","              $17,580.59","          $28,965,190.00","           1,625.8","              $17,815.96",
Westwood,03350000,"          $63,805,817.37","           2,906.1","              $21,955.82","          $65,763,675.37","           2,939.8","              $22,370.12",
Weymouth,03360000,"          $99,640,874.00","           5,555.4","              $17,935.86","         $113,772,071.00","           5,997.0","              $18,971.50",
Whately,03370000,"           $2,736,392.01",             122.4,"              $22,356.14","           $2,858,056.01",             129.4,"              $22,086.99",
Whitman-Hanson,07800000,"          $58,243,459.21","           3,564.6","              $16,339.41","          $64,207,403.12","           3,698.2","              $17,361.80",
Whittier Regional Vocational Technical,08850000,"          $28,828,483.00","           1,267.3","              $22,747.95","          $28,932,164.00","           1,268.4","              $22,809.97",
Williamsburg,03400000,"           $2,986,728.20",             140.0,"              $21,333.77","           $4,011,369.25",             188.9,"              $21,235.41",
Wilmington,03420000,"          $60,339,738.00","           2,839.2","              $21,252.37","          $67,359,006.00","           2,930.2","              $22,987.85",
Winchendon,03430000,"          $21,086,790.63","           1,211.0","              $17,412.71","          $23,653,869.77","           1,389.9","              $17,018.40",
Winchester,03440000,"          $74,435,017.06","           4,372.8","              $17,022.28","          $80,076,337.88","           4,450.0","              $17,994.68",
Winthrop,03460000,"          $31,502,893.98","           1,904.6","              $16,540.43","          $34,046,429.13","           1,954.0","              $17,423.97",
Woburn,03470000,"          $91,947,707.84","           4,393.3","              $20,929.08","         $100,736,053.86","           4,587.6","              $21,958.33",
Worcester,03480000,"         $445,807,254.05","          24,164.8","              $18,448.62","         $507,561,468.06","          27,211.1","              $18,652.74",
Worthington,03490000,"           $1,751,121.92",              71.0,"              $24,663.69","           $2,228,227.33",             136.9,"              $16,276.31",
Wrentham,03500000,"          $17,144,903.88",             894.4,"              $19,169.17","          $18,773,634.69",             955.9,"              $19,639.75",
State Totals,00000000,"      $18,038,722,684.83","         921,897.5","              $19,566.95","      $20,197,461,902.05","       1,003,168.4","              $20,133.67",